super_area,area,region
1,100100,North Island
1,100200,North Island
1,100600,North Island
1,100400,North Island
1,101000,North Island
1,101300,North Island
1,101100,North Island
1,101400,North Island
1,101200,North Island
1,100500,North Island
1,100900,North Island
1,100800,North Island
1,100700,North Island
1,101500,North Island
1,101900,North Island
1,101800,North Island
1,102000,North Island
1,102700,North Island
1,102100,North Island
1,102900,North Island
14,354100,South Island
1,101700,North Island
1,101600,North Island
1,102300,North Island
3,177800,North Island
1,102600,North Island
1,103200,North Island
1,103300,North Island
1,103600,North Island
1,103400,North Island
1,104100,North Island
1,103500,North Island
1,104000,North Island
1,102500,North Island
1,102200,North Island
1,102400,North Island
1,103000,North Island
1,102800,North Island
1,104700,North Island
14,354200,South Island
1,104400,North Island
1,104200,North Island
1,103100,North Island
3,181200,North Island
1,103700,North Island
14,353500,South Island
1,104300,North Island
1,104500,North Island
1,105900,North Island
1,103900,North Island
1,105300,North Island
1,103800,North Island
1,104600,North Island
1,104900,North Island
1,106700,North Island
1,105600,North Island
1,105200,North Island
1,105500,North Island
1,104800,North Island
1,105100,North Island
1,106900,North Island
1,106300,North Island
3,178000,North Island
1,105400,North Island
1,106500,North Island
1,108100,North Island
1,108000,North Island
1,108500,North Island
1,105800,North Island
1,108900,North Island
1,107700,North Island
1,106000,North Island
1,107800,North Island
1,109200,North Island
1,108600,North Island
1,108700,North Island
1,108800,North Island
1,106200,North Island
1,108300,North Island
1,106100,North Island
1,106800,North Island
1,106600,North Island
1,106400,North Island
1,107100,North Island
1,107000,North Island
1,107200,North Island
1,107500,North Island
1,107300,North Island
1,107400,North Island
1,108200,North Island
2,135400,North Island
1,109300,North Island
2,132900,North Island
1,109100,North Island
1,109400,North Island
1,109500,North Island
1,109600,North Island
1,109700,North Island
1,109900,North Island
1,109800,North Island
2,110400,North Island
2,110200,North Island
2,111500,North Island
2,110900,North Island
2,111100,North Island
2,111400,North Island
2,111700,North Island
2,111300,North Island
2,111900,North Island
2,110500,North Island
2,111200,North Island
2,110800,North Island
2,122200,North Island
2,122600,North Island
2,120800,North Island
2,119700,North Island
2,121300,North Island
2,120500,North Island
2,119500,North Island
2,120000,North Island
2,118500,North Island
2,118700,North Island
2,119000,North Island
4,194000,North Island
2,118200,North Island
2,118300,North Island
2,117700,North Island
2,117900,North Island
1,107600,North Island
2,117500,North Island
2,116800,North Island
2,117200,North Island
2,112100,North Island
3,177200,North Island
2,112800,North Island
2,113000,North Island
2,112700,North Island
2,112900,North Island
2,113600,North Island
2,114000,North Island
2,114400,North Island
2,114600,North Island
2,115100,North Island
2,114900,North Island
2,115200,North Island
1,105700,North Island
2,115400,North Island
2,115800,North Island
2,115700,North Island
2,116200,North Island
2,113400,North Island
2,114100,North Island
2,114800,North Island
2,112500,North Island
2,116700,North Island
2,116900,North Island
2,117600,North Island
2,117800,North Island
2,116600,North Island
2,117400,North Island
2,118400,North Island
2,118100,North Island
2,121900,North Island
2,119900,North Island
2,120400,North Island
2,119100,North Island
2,119400,North Island
2,118900,North Island
2,121500,North Island
2,121000,North Island
3,178300,North Island
2,121400,North Island
2,122100,North Island
2,123100,North Island
2,123300,North Island
2,124400,North Island
2,125200,North Island
2,121200,North Island
2,123400,North Island
2,123600,North Island
14,353300,South Island
2,122700,North Island
2,153400,North Island
2,124000,North Island
2,124600,North Island
4,194600,North Island
2,126200,North Island
2,153800,North Island
14,355300,South Island
3,180900,North Island
2,125600,North Island
2,125800,North Island
2,126500,North Island
2,127300,North Island
2,112400,North Island
2,110700,North Island
2,112200,North Island
2,112300,North Island
2,111600,North Island
2,116300,North Island
2,115900,North Island
2,116100,North Island
2,115000,North Island
2,114700,North Island
2,114200,North Island
2,118000,North Island
2,113500,North Island
2,115500,North Island
2,112600,North Island
2,113200,North Island
2,117000,North Island
2,114500,North Island
2,115300,North Island
2,116400,North Island
2,120200,North Island
2,120300,North Island
2,119800,North Island
2,120700,North Island
3,180400,North Island
2,121600,North Island
2,119600,North Island
2,120900,North Island
2,122300,North Island
2,122500,North Island
2,120600,North Island
2,122900,North Island
1,110100,North Island
4,196000,North Island
3,170000,North Island
2,125700,North Island
2,124900,North Island
2,124300,North Island
2,122000,North Island
2,123000,North Island
2,123800,North Island
2,125000,North Island
2,136500,North Island
2,126100,North Island
2,126000,North Island
2,121100,North Island
2,120100,North Island
2,124200,North Island
2,126700,North Island
2,127900,North Island
2,127800,North Island
2,127500,North Island
2,128400,North Island
2,124500,North Island
2,125300,North Island
2,123200,North Island
2,124800,North Island
2,127000,North Island
2,126400,North Island
2,128500,North Island
2,127700,North Island
4,196400,North Island
2,134900,North Island
2,133900,North Island
2,132300,North Island
2,135600,North Island
2,130500,North Island
3,170300,North Island
2,132600,North Island
2,131000,North Island
2,129500,North Island
2,128900,North Island
2,129100,North Island
14,355700,South Island
3,179300,North Island
2,128300,North Island
2,124100,North Island
2,129000,North Island
3,180500,North Island
2,129600,North Island
2,113900,North Island
2,130000,North Island
2,127600,North Island
2,124700,North Island
2,126900,North Island
2,128000,North Island
2,130100,North Island
2,130900,North Island
2,130800,North Island
2,131500,North Island
2,116000,North Island
2,137300,North Island
2,138000,North Island
2,115600,North Island
2,134700,North Island
2,136700,North Island
2,132500,North Island
2,134600,North Island
2,137500,North Island
2,126600,North Island
2,125500,North Island
2,125400,North Island
2,126800,North Island
2,125900,North Island
2,123700,North Island
2,129400,North Island
2,129300,North Island
2,130700,North Island
2,116500,North Island
2,128800,North Island
2,128600,North Island
2,134000,North Island
2,133000,North Island
2,131400,North Island
2,121800,North Island
2,122400,North Island
2,123900,North Island
2,122800,North Island
2,126300,North Island
2,127400,North Island
3,180300,North Island
2,128200,North Island
2,127100,North Island
2,127200,North Island
2,128100,North Island
2,138900,North Island
2,139500,North Island
2,137200,North Island
2,138600,North Island
2,138300,North Island
2,136600,North Island
2,137100,North Island
2,135000,North Island
2,132000,North Island
2,131100,North Island
2,131700,North Island
2,133100,North Island
2,130600,North Island
2,117100,North Island
2,119200,North Island
2,129200,North Island
2,132200,North Island
2,129900,North Island
2,130300,North Island
2,129800,North Island
2,131600,North Island
2,132100,North Island
2,133600,North Island
2,132800,North Island
2,133500,North Island
2,134300,North Island
2,136000,North Island
2,131800,North Island
2,134400,North Island
2,129700,North Island
2,130200,North Island
2,130400,North Island
2,131200,North Island
2,132400,North Island
2,133300,North Island
2,132700,North Island
2,133200,North Island
2,133800,North Island
2,134100,North Island
2,135300,North Island
2,135100,North Island
2,133700,North Island
2,134500,North Island
2,111800,North Island
2,136100,North Island
2,131300,North Island
2,137700,North Island
2,138700,North Island
2,140200,North Island
2,140800,North Island
2,139900,North Island
2,138500,North Island
2,136400,North Island
2,137400,North Island
2,140000,North Island
2,142400,North Island
2,141900,North Island
2,143200,North Island
2,143700,North Island
3,171500,North Island
2,143900,North Island
2,144500,North Island
2,143500,North Island
2,145100,North Island
2,144700,North Island
2,145800,North Island
2,139400,North Island
2,146300,North Island
2,140500,North Island
2,141600,North Island
2,141000,North Island
2,143100,North Island
2,142200,North Island
2,139200,North Island
2,140100,North Island
2,141800,North Island
2,141100,North Island
2,142700,North Island
2,143000,North Island
2,144000,North Island
2,146900,North Island
2,148700,North Island
2,151100,North Island
2,147600,North Island
2,151700,North Island
2,136800,North Island
2,135500,North Island
2,135200,North Island
2,131900,North Island
2,134200,North Island
2,136200,North Island
2,136300,North Island
2,135800,North Island
2,138200,North Island
2,137000,North Island
2,137600,North Island
2,137800,North Island
2,136900,North Island
2,138400,North Island
2,139000,North Island
2,138100,North Island
2,139300,North Island
2,141200,North Island
2,139700,North Island
2,140600,North Island
2,141700,North Island
2,142600,North Island
2,141500,North Island
2,142000,North Island
2,142900,North Island
2,144100,North Island
2,143600,North Island
3,179600,North Island
2,142100,North Island
2,118600,North Island
2,137900,North Island
2,139100,North Island
2,140400,North Island
2,140700,North Island
2,139800,North Island
2,139600,North Island
2,140900,North Island
2,141300,North Island
2,142300,North Island
2,142500,North Island
2,142800,North Island
2,144300,North Island
2,143400,North Island
2,145000,North Island
2,145500,North Island
2,145200,North Island
2,145600,North Island
2,144400,North Island
2,144800,North Island
2,140300,North Island
2,143800,North Island
2,145900,North Island
2,145300,North Island
2,146000,North Island
2,146500,North Island
2,147100,North Island
2,147200,North Island
2,147000,North Island
3,179100,North Island
2,149500,North Island
2,149100,North Island
2,146600,North Island
2,146200,North Island
2,150400,North Island
2,152000,North Island
2,151300,North Island
2,152400,North Island
2,150600,North Island
2,154300,North Island
2,153300,North Island
2,154800,North Island
2,154200,North Island
2,154000,North Island
2,154900,North Island
2,156200,North Island
2,154100,North Island
2,155600,North Island
2,157000,North Island
2,156500,North Island
2,156700,North Island
2,155500,North Island
2,146400,North Island
2,148000,North Island
2,148300,North Island
2,148800,North Island
2,148400,North Island
2,149700,North Island
2,149300,North Island
2,149200,North Island
2,150700,North Island
2,149000,North Island
2,149800,North Island
2,151500,North Island
2,150500,North Island
2,148100,North Island
2,153000,North Island
2,153500,North Island
2,155100,North Island
2,154400,North Island
2,155800,North Island
2,155700,North Island
2,152200,North Island
2,152900,North Island
2,154700,North Island
2,153700,North Island
2,153900,North Island
2,153100,North Island
2,154500,North Island
2,155200,North Island
2,155400,North Island
2,156100,North Island
2,156600,North Island
2,155300,North Island
2,156300,North Island
2,156900,North Island
2,157100,North Island
2,157800,North Island
2,157300,North Island
2,157200,North Island
2,135700,North Island
2,157500,North Island
2,158000,North Island
2,156800,North Island
2,135900,North Island
2,157700,North Island
2,157900,North Island
2,158300,North Island
2,155000,North Island
2,156400,North Island
2,157400,North Island
2,146100,North Island
2,146800,North Island
2,147500,North Island
2,152800,North Island
2,151000,North Island
2,148200,North Island
2,149400,North Island
2,150800,North Island
2,151800,North Island
2,150000,North Island
2,151200,North Island
2,148500,North Island
2,148900,North Island
2,150200,North Island
2,151600,North Island
2,152600,North Island
2,153600,North Island
2,153200,North Island
2,152100,North Island
2,159100,North Island
2,160100,North Island
2,160900,North Island
2,159600,North Island
2,160300,North Island
2,160800,North Island
2,160400,North Island
2,161300,North Island
2,159000,North Island
2,158500,North Island
2,159300,North Island
2,162300,North Island
2,162900,North Island
2,165200,North Island
2,162700,North Island
2,162100,North Island
2,162600,North Island
2,161600,North Island
2,161900,North Island
2,162000,North Island
2,162200,North Island
2,161800,North Island
2,161200,North Island
2,161500,North Island
2,161100,North Island
2,160600,North Island
2,160500,North Island
2,160700,North Island
2,160200,North Island
2,144900,North Island
2,158700,North Island
2,159700,North Island
2,159500,North Island
2,158800,North Island
2,159900,North Island
2,160000,North Island
2,159200,North Island
2,157600,North Island
2,158400,North Island
2,155900,North Island
2,150100,North Island
2,151400,North Island
2,150300,North Island
2,151900,North Island
2,150900,North Island
2,162800,North Island
2,163200,North Island
2,163000,North Island
2,163300,North Island
2,163500,North Island
2,163600,North Island
2,163900,North Island
2,164200,North Island
2,164000,North Island
2,163700,North Island
2,163100,North Island
2,162500,North Island
2,164300,North Island
2,164600,North Island
2,161400,North Island
2,159400,North Island
2,145400,North Island
2,165100,North Island
2,166300,North Island
2,166400,North Island
3,169800,North Island
2,165600,North Island
2,165400,North Island
2,165300,North Island
2,165500,North Island
2,165700,North Island
2,165900,North Island
2,166100,North Island
2,166200,North Island
3,169900,North Island
2,165000,North Island
3,169700,North Island
3,170200,North Island
2,149900,North Island
2,162400,North Island
2,164900,North Island
2,164800,North Island
2,133400,North Island
2,164500,North Island
2,164400,North Island
2,164700,North Island
3,168600,North Island
3,170600,North Island
3,170100,North Island
3,170400,North Island
3,170900,North Island
2,144600,North Island
3,171200,North Island
3,171400,North Island
3,177700,North Island
3,171600,North Island
3,172100,North Island
3,172200,North Island
3,172000,North Island
3,181400,North Island
3,178200,North Island
3,178500,North Island
3,178400,North Island
3,177500,North Island
3,176200,North Island
3,176600,North Island
3,177300,North Island
3,180200,North Island
3,179700,North Island
3,180800,North Island
3,180600,North Island
3,180700,North Island
3,179900,North Island
3,180000,North Island
3,176400,North Island
3,176000,North Island
3,176500,North Island
3,177600,North Island
3,176800,North Island
14,355400,South Island
3,179400,North Island
14,354800,South Island
3,178900,North Island
3,179500,North Island
2,143300,North Island
3,177900,North Island
3,178800,North Island
3,178100,North Island
3,180100,North Island
3,181100,North Island
3,181000,North Island
3,179800,North Island
3,170700,North Island
3,171300,North Island
3,171100,North Island
3,188700,North Island
3,171700,North Island
3,172300,North Island
3,171900,North Island
3,172700,North Island
3,188900,North Island
3,175900,North Island
3,175800,North Island
3,175300,North Island
2,147800,North Island
3,176100,North Island
3,176900,North Island
3,173000,North Island
3,179200,North Island
3,173100,North Island
3,173200,North Island
3,173300,North Island
3,173800,North Island
3,182500,North Island
3,182300,North Island
3,182600,North Island
3,182000,North Island
3,182700,North Island
3,182800,North Island
3,183900,North Island
3,183500,North Island
14,351100,South Island
3,183800,North Island
3,184200,North Island
3,183400,North Island
3,183300,North Island
3,183600,North Island
3,184000,North Island
3,184300,North Island
3,184400,North Island
3,172600,North Island
3,175700,North Island
3,172400,North Island
3,172800,North Island
3,172900,North Island
3,177000,North Island
3,178600,North Island
3,181500,North Island
3,181600,North Island
3,181700,North Island
3,182100,North Island
3,181900,North Island
3,181800,North Island
3,182200,North Island
3,184600,North Island
3,183100,North Island
3,184800,North Island
3,185000,North Island
3,185200,North Island
3,185300,North Island
3,185400,North Island
3,185500,North Island
3,185700,North Island
3,185600,North Island
14,344300,South Island
3,187400,North Island
3,187300,North Island
3,187000,North Island
3,187100,North Island
14,351200,South Island
3,187500,North Island
8,222300,North Island
3,187200,North Island
3,169600,North Island
8,222400,North Island
8,222800,North Island
3,187900,North Island
8,222500,North Island
8,222700,North Island
8,222600,North Island
2,152500,North Island
14,349300,South Island
3,166500,North Island
4,192600,North Island
3,166700,North Island
3,166900,North Island
3,167000,North Island
2,158900,North Island
3,167100,North Island
3,167300,North Island
3,167400,North Island
3,167600,North Island
4,192900,North Island
3,167700,North Island
3,167800,North Island
2,148600,North Island
3,168000,North Island
3,167500,North Island
3,167200,North Island
3,168300,North Island
15,359800,South Island
3,168100,North Island
3,168400,North Island
3,168200,North Island
3,168500,North Island
3,186500,North Island
3,168800,North Island
3,168900,North Island
3,169000,North Island
3,169100,North Island
3,168700,North Island
3,169200,North Island
3,173600,North Island
3,169400,North Island
3,169500,North Island
4,190200,North Island
3,169300,North Island
2,161000,North Island
3,174000,North Island
3,173900,North Island
3,173500,North Island
4,193100,North Island
3,173700,North Island
3,174500,North Island
3,174100,North Island
3,186800,North Island
3,174200,North Island
3,174400,North Island
3,174300,North Island
4,197700,North Island
3,174600,North Island
3,174700,North Island
3,175100,North Island
3,185800,North Island
3,174800,North Island
3,174900,North Island
3,175000,North Island
3,184900,North Island
15,360300,South Island
3,186400,North Island
3,185900,North Island
3,186200,North Island
3,186000,North Island
3,186100,North Island
3,186300,North Island
3,186700,North Island
2,159800,North Island
3,186600,North Island
2,165800,North Island
4,193200,North Island
2,146700,North Island
4,193300,North Island
4,193600,North Island
4,193400,North Island
4,194100,North Island
4,193800,North Island
4,194400,North Island
4,194800,North Island
4,195300,North Island
4,195900,North Island
4,194700,North Island
4,195200,North Island
4,196300,North Island
4,196600,North Island
4,196700,North Island
4,190300,North Island
4,190500,North Island
4,190600,North Island
4,190900,North Island
4,191000,North Island
4,191100,North Island
15,360000,South Island
4,191200,North Island
4,193900,North Island
4,191300,North Island
4,193000,North Island
4,193500,North Island
4,194200,North Island
4,191400,North Island
4,194500,North Island
4,195100,North Island
4,195400,North Island
4,193700,North Island
4,195600,North Island
4,191700,North Island
4,196100,North Island
3,172500,North Island
4,191600,North Island
4,192800,North Island
4,194300,North Island
4,195500,North Island
4,195800,North Island
4,197200,North Island
4,197400,North Island
4,197500,North Island
4,196200,North Island
4,197100,North Island
4,197000,North Island
4,196800,North Island
4,194900,North Island
4,195000,North Island
4,196500,North Island
4,196900,North Island
4,191800,North Island
4,197300,North Island
4,191900,North Island
4,192100,North Island
4,192300,North Island
4,197600,North Island
4,192000,North Island
4,192500,North Island
4,192400,North Island
4,198600,North Island
4,199000,North Island
4,198500,North Island
4,198900,North Island
14,344200,South Island
4,198800,North Island
4,199400,North Island
4,199500,North Island
4,199900,North Island
4,199700,North Island
4,200000,North Island
4,199600,North Island
4,199100,North Island
4,199200,North Island
4,199800,North Island
14,353100,South Island
4,200300,North Island
4,200200,North Island
3,177400,North Island
4,200500,North Island
4,200800,North Island
4,201200,North Island
4,200700,North Island
4,200600,North Island
4,201300,North Island
4,198200,North Island
4,198400,North Island
4,198100,North Island
4,198700,North Island
4,198000,North Island
4,200400,North Island
4,201000,North Island
4,200900,North Island
4,201400,North Island
4,201500,North Island
4,201700,North Island
3,177100,North Island
3,201800,North Island
3,188200,North Island
3,201600,North Island
4,197900,North Island
3,189300,North Island
3,189200,North Island
3,189100,North Island
3,189000,North Island
3,188300,North Island
3,188800,North Island
3,187800,North Island
3,188000,North Island
3,188400,North Island
3,188500,North Island
3,189600,North Island
3,189400,North Island
4,203400,North Island
6,208000,North Island
3,189700,North Island
3,187700,North Island
4,203100,North Island
4,203200,North Island
4,203500,North Island
4,202500,North Island
4,202300,North Island
4,202400,North Island
4,202700,North Island
4,203000,North Island
4,202900,North Island
4,202800,North Island
4,202600,North Island
4,203900,North Island
4,203700,North Island
4,202200,North Island
4,202000,North Island
4,201900,North Island
4,203600,North Island
4,204200,North Island
4,204500,North Island
4,204400,North Island
4,204300,North Island
4,204100,North Island
5,204700,North Island
5,204900,North Island
3,176700,North Island
5,205000,North Island
5,204800,North Island
5,205100,North Island
3,183000,North Island
3,173400,North Island
5,205200,North Island
3,183200,North Island
3,183700,North Island
5,207300,North Island
5,205400,North Island
5,205600,North Island
5,205300,North Island
5,205800,North Island
5,206100,North Island
5,206000,North Island
5,206500,North Island
3,175400,North Island
5,206400,North Island
5,205900,North Island
5,206300,North Island
5,206200,North Island
5,206600,North Island
5,206700,North Island
5,206900,North Island
5,207100,North Island
5,207200,North Island
5,207000,North Island
6,207800,North Island
3,184500,North Island
6,215000,North Island
6,207400,North Island
6,207600,North Island
6,207700,North Island
6,207900,North Island
6,212400,North Island
6,213100,North Island
6,213700,North Island
6,212500,North Island
6,215400,North Island
6,214900,North Island
6,215200,North Island
6,208400,North Island
6,209600,North Island
6,210400,North Island
6,211200,North Island
6,211300,North Island
6,208100,North Island
6,208300,North Island
6,213000,North Island
6,212300,North Island
6,212600,North Island
6,212900,North Island
6,213400,North Island
6,213300,North Island
6,212800,North Island
6,214500,North Island
6,213900,North Island
6,214100,North Island
6,215100,North Island
6,214700,North Island
6,214800,North Island
6,215300,North Island
6,214200,North Island
6,213600,North Island
6,213500,North Island
6,213800,North Island
6,214400,North Island
6,214000,North Island
6,214600,North Island
6,213200,North Island
6,208200,North Island
6,208500,North Island
6,208700,North Island
6,210200,North Island
6,211800,North Island
6,209000,North Island
6,212100,North Island
6,212000,North Island
6,211500,North Island
6,211700,North Island
6,211900,North Island
6,212200,North Island
6,208800,North Island
6,208600,North Island
6,209100,North Island
6,209200,North Island
6,209400,North Island
6,209500,North Island
6,209900,North Island
6,210300,North Island
6,209800,North Island
6,210600,North Island
6,210000,North Island
6,209700,North Island
6,210500,North Island
6,210800,North Island
6,210900,North Island
6,211100,North Island
6,210700,North Island
6,211000,North Island
6,211400,North Island
6,215700,North Island
6,215600,North Island
6,215500,North Island
6,216000,North Island
6,215800,North Island
6,216100,North Island
6,215900,North Island
8,233300,North Island
8,233200,North Island
8,232800,North Island
8,233400,North Island
8,233100,North Island
8,232900,North Island
8,233800,North Island
8,233000,North Island
8,233500,North Island
7,218500,North Island
7,219000,North Island
7,218900,North Island
7,219400,North Island
7,219200,North Island
7,219100,North Island
7,216500,North Island
7,216700,North Island
7,216400,North Island
7,217200,North Island
7,217900,North Island
7,218200,North Island
7,218000,North Island
7,218600,North Island
7,218700,North Island
7,218300,North Island
7,219300,North Island
7,218400,North Island
7,217500,North Island
7,217600,North Island
7,218800,North Island
7,219500,North Island
7,217800,North Island
7,217400,North Island
7,216900,North Island
7,216300,North Island
7,216800,North Island
7,217100,North Island
7,216600,North Island
7,217000,North Island
7,217300,North Island
7,218100,North Island
7,219600,North Island
7,219700,North Island
7,220400,North Island
7,220300,North Island
7,220100,North Island
7,219800,North Island
8,222900,North Island
7,220000,North Island
7,219900,North Island
5,205700,North Island
4,202100,North Island
7,220500,North Island
7,220700,North Island
7,220600,North Island
14,351300,South Island
7,221000,North Island
7,220800,North Island
7,221200,North Island
7,221300,North Island
7,221700,North Island
7,221900,North Island
7,221800,North Island
7,221600,North Island
7,221100,North Island
7,221400,North Island
7,221500,North Island
7,220900,North Island
7,222200,North Island
7,222100,North Island
7,222000,North Island
8,223000,North Island
8,223100,North Island
8,223400,North Island
8,223500,North Island
8,223300,North Island
8,223700,North Island
8,223800,North Island
8,223600,North Island
8,224900,North Island
8,225600,North Island
8,225900,North Island
8,226000,North Island
8,225100,North Island
8,225500,North Island
8,225700,North Island
8,225400,North Island
8,224800,North Island
8,224200,North Island
8,224000,North Island
8,224600,North Island
8,224300,North Island
8,225200,North Island
8,224500,North Island
8,225000,North Island
8,224400,North Island
8,225300,North Island
8,225800,North Island
8,226400,North Island
8,226300,North Island
8,226600,North Island
8,226700,North Island
8,226800,North Island
8,226900,North Island
8,227000,North Island
8,226100,North Island
8,226500,North Island
8,227900,North Island
8,223200,North Island
8,232200,North Island
8,229400,North Island
8,228700,North Island
14,353000,South Island
8,227200,North Island
8,228500,North Island
8,228400,North Island
8,228200,North Island
8,228000,North Island
8,228300,North Island
8,228100,North Island
8,227600,North Island
8,227100,North Island
8,234200,North Island
8,234300,North Island
8,234100,North Island
8,234000,North Island
8,234600,North Island
8,227800,North Island
8,227500,North Island
8,227300,North Island
8,227400,North Island
8,228600,North Island
8,228800,North Island
8,230700,North Island
8,232500,North Island
8,232100,North Island
8,232700,North Island
8,232600,North Island
8,230900,North Island
8,231300,North Island
14,351400,South Island
8,231200,North Island
8,231600,North Island
8,235400,North Island
14,350900,South Island
8,231400,North Island
8,231700,North Island
8,232000,North Island
8,232400,North Island
8,230000,North Island
8,229100,North Island
8,229500,North Island
8,229900,North Island
8,230100,North Island
8,229600,North Island
8,230600,North Island
8,231000,North Island
8,230500,North Island
8,229800,North Island
8,235800,North Island
8,229200,North Island
14,351000,South Island
8,229300,North Island
8,229000,North Island
8,230300,North Island
8,230400,North Island
8,231100,North Island
8,234400,North Island
8,230200,North Island
8,230800,North Island
8,231500,North Island
8,231800,North Island
8,232300,North Island
8,234500,North Island
8,234800,North Island
8,235700,North Island
8,235100,North Island
8,236000,North Island
8,235500,North Island
8,234900,North Island
8,235200,North Island
8,235900,North Island
8,235600,North Island
8,234700,North Island
8,235000,North Island
8,235300,North Island
9,236800,North Island
9,237200,North Island
9,237600,North Island
9,238100,North Island
9,236500,North Island
9,236300,North Island
9,236700,North Island
9,236400,North Island
9,236600,North Island
9,236900,North Island
9,241900,North Island
9,241600,North Island
9,241700,North Island
9,242500,North Island
9,242000,North Island
9,241400,North Island
9,241800,North Island
9,242200,North Island
9,242800,North Island
9,241300,North Island
9,241200,North Island
9,243000,North Island
9,247700,North Island
9,242400,North Island
9,242900,North Island
9,242100,North Island
9,241500,North Island
9,242600,North Island
9,242700,North Island
9,242300,North Island
9,243400,North Island
9,243600,North Island
9,243800,North Island
9,243500,North Island
9,243200,North Island
9,244000,North Island
9,245900,North Island
9,246300,North Island
9,244900,North Island
9,244500,North Island
9,244600,North Island
9,244100,North Island
8,224100,North Island
9,244200,North Island
9,244400,North Island
9,245100,North Island
9,245200,North Island
9,245600,North Island
9,245400,North Island
9,246200,North Island
9,246400,North Island
9,245800,North Island
9,245300,North Island
9,244300,North Island
9,244800,North Island
9,245500,North Island
9,246100,North Island
9,246000,North Island
9,246700,North Island
9,247200,North Island
9,247900,North Island
9,247800,North Island
9,247600,North Island
9,248000,North Island
9,238400,North Island
9,237900,North Island
9,237800,North Island
9,237000,North Island
14,350400,South Island
9,237100,North Island
9,237300,North Island
9,238300,North Island
14,350600,South Island
9,238000,North Island
9,238500,North Island
9,238600,North Island
9,246600,North Island
9,247000,North Island
9,246900,North Island
9,247100,North Island
9,247400,North Island
9,247300,North Island
9,246800,North Island
9,245000,North Island
9,244700,North Island
9,243700,North Island
9,243300,North Island
3,178700,North Island
9,239300,North Island
9,239200,North Island
9,239100,North Island
14,352200,South Island
9,239500,North Island
9,240700,North Island
9,241000,North Island
9,241100,North Island
9,240900,North Island
9,247500,North Island
9,239400,North Island
9,240500,North Island
9,240000,North Island
9,240100,North Island
9,240300,North Island
9,240800,North Island
2,163400,North Island
9,238800,North Island
9,239000,North Island
9,239600,North Island
9,239800,North Island
9,240200,North Island
9,240400,North Island
9,240600,North Island
9,248700,North Island
9,249500,North Island
9,249700,North Island
14,351500,South Island
9,248900,North Island
3,170500,North Island
9,248600,North Island
9,249200,North Island
9,248400,North Island
9,249000,North Island
9,248300,North Island
9,248100,North Island
9,249300,North Island
9,250000,North Island
9,250500,North Island
9,250700,North Island
9,250200,North Island
9,248800,North Island
9,249600,North Island
9,250300,North Island
9,250900,North Island
9,250100,North Island
9,250800,North Island
9,249100,North Island
9,249900,North Island
9,250600,North Island
9,249400,North Island
9,250400,North Island
9,237700,North Island
9,251400,North Island
9,251000,North Island
9,251600,North Island
9,251700,North Island
9,252100,North Island
9,251800,North Island
9,253200,North Island
9,252300,North Island
9,252500,North Island
9,252000,North Island
9,252400,North Island
9,252900,North Island
9,251100,North Island
9,251300,North Island
9,251200,North Island
9,251900,North Island
9,251500,North Island
9,252200,North Island
17,304300,South Island
9,253000,North Island
9,253300,North Island
9,253600,North Island
9,253900,North Island
9,254300,North Island
9,254200,North Island
9,253700,North Island
9,253400,North Island
9,253100,North Island
9,252600,North Island
9,252700,North Island
9,253800,North Island
9,254000,North Island
9,254500,North Island
9,254700,North Island
9,252800,North Island
9,253500,North Island
9,254400,North Island
9,254100,North Island
9,254800,North Island
9,254600,North Island
9,254900,North Island
9,255200,North Island
9,255100,North Island
8,233600,North Island
9,256200,North Island
8,233700,North Island
9,256500,North Island
9,255300,North Island
9,255700,North Island
9,256000,North Island
9,256100,North Island
9,255900,North Island
9,256700,North Island
9,256400,North Island
9,255600,North Island
9,255800,North Island
9,256300,North Island
9,255400,North Island
14,352900,South Island
9,255500,North Island
9,256600,North Island
9,256900,North Island
9,257100,North Island
9,256800,North Island
9,257000,North Island
9,257200,North Island
9,257700,North Island
9,257500,North Island
9,257300,North Island
9,257400,North Island
9,257900,North Island
9,257800,North Island
18,307200,South Island
18,307400,South Island
18,306900,South Island
18,306500,South Island
18,306800,South Island
18,306300,South Island
18,307300,South Island
18,307500,South Island
18,306600,South Island
18,307800,South Island
18,307100,South Island
18,307600,South Island
18,307700,South Island
18,308400,South Island
18,307900,South Island
18,308000,South Island
18,308100,South Island
18,308200,South Island
18,308300,South Island
18,308600,South Island
18,307000,South Island
13,308800,South Island
13,308900,South Island
17,303800,South Island
17,304700,South Island
17,305500,South Island
17,305300,South Island
17,304200,South Island
17,304500,South Island
17,304900,South Island
17,304600,South Island
17,305200,South Island
17,305600,South Island
17,306200,South Island
17,304100,South Island
17,304400,South Island
17,305400,South Island
17,306000,South Island
17,305000,South Island
17,305100,South Island
17,305900,South Island
17,305800,South Island
16,300500,South Island
16,300600,South Island
16,300300,South Island
16,302500,South Island
12,309000,South Island
16,300900,South Island
16,301600,South Island
16,301500,South Island
16,302300,South Island
16,302100,South Island
16,302200,South Island
16,302700,South Island
16,303500,South Island
17,303600,South Island
16,302400,South Island
16,302800,South Island
16,303300,South Island
16,303200,South Island
16,302900,South Island
16,303100,South Island
16,303400,South Island
16,300700,South Island
16,300800,South Island
16,301000,South Island
16,301200,South Island
16,301800,South Island
16,301100,South Island
14,353400,South Island
16,301300,South Island
12,309500,South Island
12,309700,South Island
12,309600,South Island
12,309300,South Island
12,309400,South Island
12,309200,South Island
12,309800,South Island
12,311000,South Island
12,311100,South Island
12,309900,South Island
12,310000,South Island
12,310100,South Island
12,310900,South Island
12,310300,South Island
12,310400,South Island
12,310500,South Island
12,310600,South Island
12,310800,South Island
12,310700,South Island
12,311900,South Island
12,311300,South Island
12,311800,South Island
14,353800,South Island
12,311700,South Island
12,311400,South Island
12,312000,South Island
12,311500,South Island
13,312300,South Island
13,312200,South Island
13,312500,South Island
13,312400,South Island
13,312700,South Island
13,313000,South Island
13,313700,South Island
13,312800,South Island
13,312600,South Island
13,312900,South Island
13,314100,South Island
13,314200,South Island
13,314600,South Island
13,314500,South Island
13,315400,South Island
13,314700,South Island
13,315300,South Island
13,315900,South Island
13,315600,South Island
13,314000,South Island
13,314900,South Island
13,315200,South Island
13,315000,South Island
13,313900,South Island
13,315700,South Island
13,313800,South Island
13,313300,South Island
13,316000,South Island
13,316100,South Island
13,315500,South Island
13,314800,South Island
13,315100,South Island
13,313600,South Island
13,313100,South Island
13,313200,South Island
13,333800,South Island
13,333700,South Island
13,334000,South Island
13,334100,South Island
13,334500,South Island
13,334700,South Island
13,323300,South Island
13,323200,South Island
13,324400,South Island
13,326100,South Island
13,321000,South Island
13,319800,South Island
13,322300,South Island
13,321900,South Island
13,326300,South Island
13,324300,South Island
13,328000,South Island
13,325000,South Island
13,325400,South Island
13,324700,South Island
13,327300,South Island
13,330000,South Island
13,329000,South Island
13,319300,South Island
13,318100,South Island
13,318700,South Island
13,321100,South Island
13,334400,South Island
13,316500,South Island
13,320300,South Island
13,335700,South Island
13,335900,South Island
13,317100,South Island
13,317200,South Island
13,321600,South Island
13,324000,South Island
13,323700,South Island
13,325100,South Island
13,321300,South Island
13,324600,South Island
13,325600,South Island
13,323400,South Island
13,319600,South Island
13,318400,South Island
13,320500,South Island
13,318600,South Island
13,319400,South Island
13,317900,South Island
13,318800,South Island
13,317600,South Island
13,317300,South Island
13,316900,South Island
13,317400,South Island
13,318300,South Island
13,319900,South Island
13,320600,South Island
13,319200,South Island
13,317500,South Island
13,319000,South Island
13,318000,South Island
13,317800,South Island
13,317000,South Island
13,318500,South Island
13,317700,South Island
13,318900,South Island
13,319500,South Island
13,319700,South Island
13,320200,South Island
13,320700,South Island
13,321200,South Island
13,322700,South Island
13,321800,South Island
9,237500,North Island
13,322400,South Island
13,322600,South Island
13,321500,South Island
13,320800,South Island
13,330300,South Island
13,331300,South Island
13,331200,South Island
13,331400,South Island
13,331900,South Island
13,331700,South Island
13,330200,South Island
13,328300,South Island
13,327200,South Island
13,329300,South Island
13,328400,South Island
13,329800,South Island
13,328600,South Island
13,327500,South Island
13,330400,South Island
13,329600,South Island
13,330500,South Island
13,329900,South Island
13,330900,South Island
13,331500,South Island
13,331000,South Island
13,331100,South Island
13,330100,South Island
13,321700,South Island
13,323100,South Island
9,237400,North Island
13,326500,South Island
13,328900,South Island
13,328800,South Island
13,327900,South Island
13,328500,South Island
13,327800,South Island
13,327400,South Island
13,329400,South Island
13,328700,South Island
13,329700,South Island
13,330800,South Island
13,330600,South Island
13,326700,South Island
13,327700,South Island
13,329500,South Island
13,329200,South Island
13,326900,South Island
13,328200,South Island
13,327600,South Island
13,329100,South Island
13,327100,South Island
13,327000,South Island
13,325700,South Island
13,325800,South Island
13,320900,South Island
13,320100,South Island
13,340800,South Island
13,321400,South Island
13,323000,South Island
13,322100,South Island
13,322200,South Island
13,324800,South Island
13,323900,South Island
13,325300,South Island
13,323800,South Island
13,326800,South Island
13,325900,South Island
13,332000,South Island
13,332100,South Island
13,332400,South Island
13,332700,South Island
13,332500,South Island
13,333200,South Island
13,333100,South Island
13,335100,South Island
13,333300,South Island
13,336000,South Island
13,336400,South Island
13,335000,South Island
13,335200,South Island
13,335300,South Island
13,334200,South Island
13,335800,South Island
13,336200,South Island
13,335400,South Island
13,338100,South Island
13,338500,South Island
13,338300,South Island
13,337800,South Island
13,338400,South Island
13,337500,South Island
13,338200,South Island
13,336800,South Island
13,337000,South Island
13,337100,South Island
13,337200,South Island
13,337300,South Island
13,337700,South Island
13,336700,South Island
13,337900,South Island
13,337600,South Island
13,336900,South Island
13,338700,South Island
13,339100,South Island
13,339000,South Island
13,338900,South Island
13,339300,South Island
13,339600,South Island
13,339800,South Island
13,339500,South Island
13,338800,South Island
13,340000,South Island
13,340100,South Island
13,339900,South Island
13,339400,South Island
13,339200,South Island
13,340300,South Island
13,340600,South Island
13,340200,South Island
13,340500,South Island
13,340400,South Island
13,340700,South Island
13,341100,South Island
13,341000,South Island
13,341300,South Island
13,341400,South Island
13,341900,South Island
13,342000,South Island
13,341800,South Island
13,341500,South Island
13,342300,South Island
13,342400,South Island
13,342500,South Island
13,342800,South Island
13,342700,South Island
13,342600,South Island
13,342200,South Island
13,342100,South Island
13,343300,South Island
14,343400,South Island
14,343500,South Island
14,343800,South Island
14,343700,South Island
14,343600,South Island
14,344500,South Island
14,344100,South Island
14,344000,South Island
14,343900,South Island
13,343100,South Island
14,344700,South Island
14,349100,South Island
14,349600,South Island
14,352700,South Island
14,351800,South Island
14,352400,South Island
14,352000,South Island
14,351900,South Island
14,351700,South Island
14,353600,South Island
14,350500,South Island
14,352800,South Island
14,352100,South Island
14,351600,South Island
14,354400,South Island
14,352300,South Island
14,354500,South Island
14,354600,South Island
14,354700,South Island
14,355600,South Island
14,354900,South Island
14,355000,South Island
14,355100,South Island
14,353900,South Island
14,355200,South Island
14,355500,South Island
14,354000,South Island
14,352600,South Island
14,349000,South Island
14,349700,South Island
14,349900,South Island
14,349800,South Island
14,350000,South Island
14,350300,South Island
14,352500,South Island
14,350700,South Island
14,350200,South Island
14,350100,South Island
14,349400,South Island
14,356100,South Island
14,356200,South Island
14,356800,South Island
14,356400,South Island
15,360400,South Island
14,356600,South Island
14,356500,South Island
14,356000,South Island
14,356300,South Island
15,359500,South Island
14,355800,South Island
14,345800,South Island
14,355900,South Island
14,345700,South Island
14,345100,South Island
14,345300,South Island
14,345200,South Island
14,345400,South Island
14,345500,South Island
14,345600,South Island
14,347200,South Island
14,347100,South Island
14,344800,South Island
14,345000,South Island
14,346900,South Island
14,346400,South Island
14,344900,South Island
14,348100,South Island
14,348200,South Island
14,347900,South Island
14,346600,South Island
14,346700,South Island
14,346800,South Island
14,348400,South Island
14,347500,South Island
14,347400,South Island
14,347700,South Island
14,348300,South Island
14,346200,South Island
14,347800,South Island
14,348800,South Island
14,348600,South Island
15,357700,South Island
15,358100,South Island
15,358200,South Island
15,358300,South Island
15,360200,South Island
15,359600,South Island
15,359700,South Island
15,359900,South Island
15,358500,South Island
15,358700,South Island
15,358900,South Island
15,360500,South Island
15,360900,South Island
15,358600,South Island
15,359100,South Island
15,359000,South Island
15,360800,South Island
15,362300,South Island
15,360600,South Island
15,360700,South Island
15,361000,South Island
15,362000,South Island
15,362200,South Island
15,361300,South Island
15,361100,South Island
15,361400,South Island
15,361200,South Island
15,361500,South Island
15,361600,South Island
9,248500,North Island
9,249800,North Island
15,361700,South Island
15,361900,South Island
15,362400,South Island
15,362100,South Island
15,362500,South Island
15,362600,South Island
15,362700,South Island
15,362800,South Island
15,362900,South Island
15,363000,South Island
15,363100,South Island
15,363300,South Island
15,359400,South Island
15,357500,South Island
15,357300,South Island
14,346000,South Island
15,358400,South Island
15,358000,South Island
15,357900,South Island
15,358800,South Island
3,175600,North Island
2,158200,North Island
3,175500,North Island
13,332900,South Island
2,158100,North Island
13,334600,South Island
13,334900,South Island
13,316600,South Island
13,336100,South Island
13,314300,South Island
14,347000,South Island
14,348700,South Island
14,348900,South Island
13,337400,South Island
13,339700,South Island
5,205500,North Island
2,121700,North Island
2,113100,North Island
2,113300,North Island
16,302600,South Island
4,190400,North Island
12,310200,South Island
3,182900,North Island
13,333900,South Island
13,336300,South Island
4,195700,North Island
13,322800,South Island
13,322500,South Island
13,324100,South Island
13,323600,South Island
13,324500,South Island
13,313500,South Island
13,316800,South Island
14,349200,South Island
13,326000,South Island
17,304800,South Island
13,335600,South Island
13,316200,South Island
13,318200,South Island
13,313400,South Island
13,315800,South Island
13,335500,South Island
18,306700,South Island
13,322900,South Island
14,348000,South Island
13,332200,South Island
2,145700,North Island
15,357600,South Island
2,117300,North Island
2,158600,North Island
13,325200,South Island
13,331800,South Island
14,347300,South Island
17,306100,South Island
16,303000,South Island
13,334300,South Island
13,322000,South Island
8,227700,North Island
